Data,Valor,Identificador,Descrição
02/06/2026,2007.19,5132998f-ba50-5998-988d-b1425300b0c7,Dinheiro reservado
02/06/2026,-5.60,4b6472b3-810d-542d-b361-9b434806c3ca,Dinheiro retirado
02/06/2026,-50.00,10054b61-98d4-5147-8f4b-93cff53756c9,Dinheiro retirado
03/06/2026,0.97,69b1aeb4-3459-5c6b-a4fc-8b1cb3cfab2e,Rendimentos
03/06/2026,-200.00,859ae601-5383-5283-a635-ee74cfe82ee4,Pix enviado - Crespalina Eny Rodrigues Zahran
03/06/2026,596.00,51592ee8-0ff6-553c-bcea-8ccef7d84ff8,Dinheiro reservado
03/06/2026,2770.86,e2423e85-5109-52c8-9798-f049561c8380,Dinheiro reservado
05/06/2026,2.19,4c5762a5-6970-5b3d-ad2e-8a6c39b31d85,Rendimentos
05/06/2026,-600.00,77b36375-8ece-585a-b873-13709050970b,Dinheiro retirado
06/06/2026,-768.95,0b546e5d-e7a5-547a-b4e2-741354c89ddd,Pix enviado - Lidiane Ribeiro Ferro da Silva
06/06/2026,-500.00,4d1ef09a-6f90-58d9-b392-43051a26ce21,Pix enviado - Fabiano Carvalho da Silva
06/06/2026,53.74,440e3461-1fc1-592f-9edb-ce0ed6b1642e,Dinheiro reservado
07/06/2026,-30.00,fca5c119-6740-5882-a475-15d5ce15e28a,Pix enviado - Luiza Ferro da Silva
08/06/2026,2.23,ca631d82-4999-5e9f-87b6-18af6ba7da35,Rendimentos
08/06/2026,-2425.00,274746c6-0893-5088-b2fa-f21b252a1bd3,Dinheiro retirado
08/06/2026,-853.63,bc9ae9c1-6b7e-5c5f-9594-eda82c69c0d7,Dinheiro retirado
09/06/2026,619.87,b634dc78-9fd4-549f-93ac-314eff61d43b,Dinheiro reservado
09/06/2026,-70.00,1276eb5d-87bc-5dfe-8398-21faac05b6e6,Pix enviado - Rafael Kerch da Silva
09/06/2026,-7.20,26af9850-fa32-5859-a185-ce89f458e4d5,Pix enviado - Veronica Cavalheiro Saldanha
09/06/2026,-3.50,846b4487-691e-59af-b785-c3230ebf2739,Pix enviado - Carlos Eduardo Dias dos Santos
10/06/2026,0.26,755471c7-f6c8-578f-9ce1-b172571b5452,Rendimentos
10/06/2026,2257.13,b72e9d01-6cc2-521b-b6fd-195d6c34f39a,Dinheiro reservado
11/06/2026,1.37,791002d4-c657-58b5-998b-71fd1528e6ee,Rendimentos
11/06/2026,-10.00,bfd7aa72-15d5-56c0-83eb-19a93a0460d5,Dinheiro retirado
12/06/2026,1.37,eea5cde9-e668-53c0-a77a-06dfa38b9284,Rendimentos
12/06/2026,-518.63,5e8f317c-039a-5bab-b7af-797a6908bece,Dinheiro retirado
13/06/2026,-75.00,d61d20cc-3821-5d05-b461-e1279a431203,Dinheiro retirado
15/06/2026,1.12,b86aaefc-7e00-547b-8791-d9a2f37fcbe6,Rendimentos
15/06/2026,-1059.58,3ba6c4a9-5737-5345-836f-7dc352c04c17,Pagamento de conta - MERCADO PAGO INSTITUICAO DE PAGAMENTO LT
15/06/2026,-150.00,95d0ac2c-ee2f-5743-bdc4-07ba989de290,Pix enviado - Temitope Motunrayo Chidi Amadi 22569725854
15/06/2026,-30.00,9abe3dd9-f7ba-5ed8-9aab-7f3261fbbdb6,Pix enviado - Rafael Kerch da Silva
15/06/2026,-50.00,09293940-2827-54d0-a51c-5aedc1f12bbe,Pix enviado - Samuel Gracioli Mello Bombonatti
15/06/2026,150.46,4388cdab-b661-546b-96e9-8ed44a0e6747,Dinheiro reservado
16/06/2026,0.44,3ac9dfc5-a9a0-5ce4-a4b1-a6489fd1dac1,Rendimentos
16/06/2026,-20.00,5bb552ec-cded-5ca0-a9e3-dfd5aa2c306a,Dinheiro retirado
16/06/2026,6.00,de3fc7d4-3a09-5e9d-9fa2-9a22c3279bfd,Dinheiro reservado
17/06/2026,0.52,e4db2827-1007-544b-9870-507b6b47ca3f,Rendimentos
17/06/2026,-780.00,59af753b-2813-5f39-9a3a-f928da278cb6,Pix enviado - Pozzobon Odontologia Ltda
18/06/2026,0.13,bb135085-de1e-5aa4-90d9-c1c3c9b72fdb,Rendimentos
18/06/2026,100.00,0ee584a9-36a2-5d47-b72a-b60b326daf90,Dinheiro reservado
19/06/2026,0.13,0058a3ed-7140-52b6-af68-e05ed4dd0e18,Rendimentos
20/06/2026,-120.00,f40d3eec-53ee-56c9-879a-f945f3265c10,Dinheiro retirado
22/06/2026,0.17,4c8569a3-5201-5cf9-9c1b-732e9093b466,Rendimentos
23/06/2026,0.13,03c9ad5d-6110-5814-81d3-7018d4a56c91,Rendimentos
24/06/2026,0.11,66e73e6f-0b17-53d5-90c2-47748d75ab3b,Rendimentos
24/06/2026,-90.00,b0512356-6eda-5ccf-aa06-fad250bd5950,Pix enviado - Rafael Kerch da Silva
24/06/2026,39.90,fd596083-5f72-5831-8608-a0d8e0689816,Dinheiro reservado
25/06/2026,0.09,12bf7282-6bde-5251-94a1-0d243420d11c,Rendimentos
25/06/2026,-29.90,f1d1dd96-88b8-5399-be09-5d36157100d7,Pix enviado - Deiwid Gracioli da Silva
26/06/2026,0.08,1059d311-8fd7-5593-9892-d30543d55c13,Rendimentos
29/06/2026,0.08,25ff36a6-f2f4-5961-810a-8da3fbc4c947,Rendimentos
29/06/2026,15.65,18669f1d-efc0-56d6-9b3f-151c94fad71e,Dinheiro reservado
29/06/2026,-90.00,052bf222-3baf-56c7-a55e-68516998ed62,Pix enviado - Rafael Kerch da Silva
29/06/2026,-10.00,eb7676e4-23fa-5ab5-b797-be7625315e10,Dinheiro retirado
30/06/2026,0.04,aa0cb739-f836-50b4-a0b5-1d2c84d286b9,Rendimentos
