SOURCE_ID;PAYMENT_METHOD_TYPE;TRANSACTION_TYPE;TRANSACTION_AMOUNT;TRANSACTION_DATE;FEE_AMOUNT;SETTLEMENT_DATE;REAL_AMOUNT;TAXES_AMOUNT;MONEY_RELEASE_DATE;BUSINESS_UNIT;SUB_UNIT
165735054635;available_money;CRYPTO_OPERATION;-0.45;2026-06-30T20:52:47.000-03:00;0.00;2026-06-30T20:52:48.000-03:00;-0.45;0.00;2026-06-30T20:52:48.000-03:00;;
165735012731;available_money;CASHBACK;0.45;2026-06-30T20:52:42.000-03:00;0.00;2026-06-30T20:52:43.000-03:00;0.45;0.00;2026-06-30T20:52:43.000-03:00;;
165609265393;available_money;CRYPTO_OPERATION;-0.06;2026-06-30T07:24:28.000-03:00;0.00;2026-06-30T07:24:28.000-03:00;-0.06;0.00;2026-06-30T07:24:28.000-03:00;;
166445773074;available_money;CASHBACK;0.06;2026-06-30T07:24:21.000-03:00;0.00;2026-06-30T07:24:21.000-03:00;0.06;0.00;2026-06-30T07:24:21.000-03:00;;
1746005711981;;SETTLEMENT;0.04;2026-06-30T02:02:27.000-03:00;0.00;2026-06-30T02:02:27.000-03:00;0.04;0.00;;;
1746005711981;;SETTLEMENT;-0.01;2026-06-30T02:02:27.000-03:00;0.00;2026-06-30T02:02:27.000-03:00;-0.01;0.00;;;
1746005711981;;SETTLEMENT;0.01;2026-06-30T02:02:27.000-03:00;0.00;2026-06-30T02:02:27.000-03:00;0.01;0.00;;;
166410027258;;PAYOUTS;-15.00;2026-06-29T21:22:36.000-03:00;0.00;2026-06-29T21:22:36.000-03:00;-15.00;0.00;;;
166412124202;available_money;CRYPTO_OPERATION;6.52;2026-06-29T21:22:05.000-03:00;0.00;2026-06-29T21:22:06.000-03:00;6.52;0.00;2026-06-29T21:22:06.000-03:00;;
166375852982;;PAYOUTS;-90.00;2026-06-29T17:28:10.000-03:00;0.00;2026-06-29T17:28:10.000-03:00;-90.00;0.00;;;
165464833307;available_money;SETTLEMENT;-335.00;2026-06-29T08:17:02.000-03:00;0.00;2026-06-29T08:17:04.000-03:00;-335.00;0.00;2026-06-29T08:17:04.000-03:00;Mercado Pago;Wallet
166297403832;available_money;SETTLEMENT;-60.77;2026-06-29T08:15:32.000-03:00;0.00;2026-06-29T08:15:34.000-03:00;-60.77;0.00;2026-06-29T08:15:34.000-03:00;Mercado Pago;Wallet
166294263290;available_money;CRYPTO_OPERATION;-0.05;2026-06-29T07:32:26.000-03:00;0.00;2026-06-29T07:32:27.000-03:00;-0.05;0.00;2026-06-29T07:32:27.000-03:00;;
165461587735;available_money;CASHBACK;0.05;2026-06-29T07:32:21.000-03:00;0.00;2026-06-29T07:32:21.000-03:00;0.05;0.00;2026-06-29T07:32:21.000-03:00;;
165460581543;bank_transfer;SETTLEMENT;411.42;2026-06-29T07:16:58.000-03:00;0.00;2026-06-29T07:16:59.000-03:00;411.42;0.00;2026-06-29T07:16:59.000-03:00;;
1745933540308;;SETTLEMENT;-0.03;2026-06-29T02:45:35.000-03:00;0.00;2026-06-29T02:45:35.000-03:00;-0.03;0.00;;;
1745933540308;;SETTLEMENT;0.08;2026-06-29T02:45:35.000-03:00;0.00;2026-06-29T02:45:35.000-03:00;0.08;0.00;;;
1745933540308;;SETTLEMENT;0.03;2026-06-29T02:45:35.000-03:00;0.00;2026-06-29T02:45:35.000-03:00;0.03;0.00;;;
166116222954;available_money;CRYPTO_OPERATION;-0.04;2026-06-27T18:28:03.000-03:00;0.00;2026-06-27T18:28:03.000-03:00;-0.04;0.00;2026-06-27T18:28:03.000-03:00;;
166116081560;available_money;CASHBACK;0.04;2026-06-27T18:27:56.000-03:00;0.00;2026-06-27T18:27:57.000-03:00;0.04;0.00;2026-06-27T18:27:57.000-03:00;;
166112152336;available_money;CRYPTO_OPERATION;-0.04;2026-06-27T18:04:02.000-03:00;0.00;2026-06-27T18:04:03.000-03:00;-0.04;0.00;2026-06-27T18:04:03.000-03:00;;
166111905740;available_money;CASHBACK;0.04;2026-06-27T18:03:55.000-03:00;0.00;2026-06-27T18:03:55.000-03:00;0.04;0.00;2026-06-27T18:03:55.000-03:00;;
165153842405;available_money;CRYPTO_OPERATION;-0.31;2026-06-26T20:06:43.000-03:00;0.00;2026-06-26T20:06:43.000-03:00;-0.31;0.00;2026-06-26T20:06:43.000-03:00;;
165981826858;available_money;CASHBACK;0.31;2026-06-26T20:06:36.000-03:00;0.00;2026-06-26T20:06:36.000-03:00;0.31;0.00;2026-06-26T20:06:36.000-03:00;;
165116556845;available_money;CRYPTO_OPERATION;-0.04;2026-06-26T16:35:32.000-03:00;0.00;2026-06-26T16:35:33.000-03:00;-0.04;0.00;2026-06-26T16:35:33.000-03:00;;
165116586557;available_money;CASHBACK;0.04;2026-06-26T16:35:24.000-03:00;0.00;2026-06-26T16:35:24.000-03:00;0.04;0.00;2026-06-26T16:35:24.000-03:00;;
165114607145;available_money;CRYPTO_OPERATION;-1.08;2026-06-26T16:22:42.000-03:00;0.00;2026-06-26T16:22:42.000-03:00;-1.08;0.00;2026-06-26T16:22:42.000-03:00;;
165942339582;available_money;CASHBACK;1.08;2026-06-26T16:22:34.000-03:00;0.00;2026-06-26T16:22:35.000-03:00;1.08;0.00;2026-06-26T16:22:35.000-03:00;;
1745861261044;;SETTLEMENT;0.08;2026-06-26T02:23:19.000-03:00;0.00;2026-06-26T02:23:19.000-03:00;0.08;0.00;;;
1745861261044;;SETTLEMENT;-0.02;2026-06-26T02:23:19.000-03:00;0.00;2026-06-26T02:23:19.000-03:00;-0.02;0.00;;;
1745861261044;;SETTLEMENT;0.02;2026-06-26T02:23:19.000-03:00;0.00;2026-06-26T02:23:19.000-03:00;0.02;0.00;;;
164980868183;available_money;CRYPTO_OPERATION;-0.10;2026-06-25T18:35:08.000-03:00;0.00;2026-06-25T18:35:08.000-03:00;-0.10;0.00;2026-06-25T18:35:08.000-03:00;;
165807417658;available_money;CASHBACK;0.10;2026-06-25T18:35:03.000-03:00;0.00;2026-06-25T18:35:03.000-03:00;0.10;0.00;2026-06-25T18:35:03.000-03:00;;
164970525289;available_money;CRYPTO_OPERATION;-0.03;2026-06-25T17:33:03.000-03:00;0.00;2026-06-25T17:33:04.000-03:00;-0.03;0.00;2026-06-25T17:33:04.000-03:00;;
165797132848;available_money;CASHBACK;0.03;2026-06-25T17:32:57.000-03:00;0.00;2026-06-25T17:32:58.000-03:00;0.03;0.00;2026-06-25T17:32:58.000-03:00;;
165791596212;available_money;CRYPTO_OPERATION;-0.35;2026-06-25T16:56:39.000-03:00;0.00;2026-06-25T16:56:39.000-03:00;-0.35;0.00;2026-06-25T16:56:39.000-03:00;;
165791341936;available_money;CASHBACK;0.35;2026-06-25T16:56:30.000-03:00;0.00;2026-06-25T16:56:30.000-03:00;0.35;0.00;2026-06-25T16:56:30.000-03:00;;
165720298542;;PAYOUTS;-29.90;2026-06-25T08:20:26.000-03:00;0.00;2026-06-25T08:20:26.000-03:00;-29.90;0.00;;;
164890928927;available_money;CRYPTO_OPERATION;-0.10;2026-06-25T07:34:17.000-03:00;0.00;2026-06-25T07:34:17.000-03:00;-0.10;0.00;2026-06-25T07:34:17.000-03:00;;
165716716920;available_money;CASHBACK;0.10;2026-06-25T07:34:09.000-03:00;0.00;2026-06-25T07:34:09.000-03:00;0.10;0.00;2026-06-25T07:34:09.000-03:00;;
1745791070822;;SETTLEMENT;0.03;2026-06-25T02:03:49.000-03:00;0.00;2026-06-25T02:03:49.000-03:00;0.03;0.00;;;
1745791070822;;SETTLEMENT;-0.03;2026-06-25T02:03:49.000-03:00;0.00;2026-06-25T02:03:49.000-03:00;-0.03;0.00;;;
1745791070822;;SETTLEMENT;0.09;2026-06-25T02:03:49.000-03:00;0.00;2026-06-25T02:03:49.000-03:00;0.09;0.00;;;
164827134495;available_money;CRYPTO_OPERATION;-0.17;2026-06-24T17:56:30.000-03:00;0.00;2026-06-24T17:56:31.000-03:00;-0.17;0.00;2026-06-24T17:56:31.000-03:00;;
164827168435;available_money;CASHBACK;0.17;2026-06-24T17:56:24.000-03:00;0.00;2026-06-24T17:56:25.000-03:00;0.17;0.00;2026-06-24T17:56:25.000-03:00;;
165647735232;available_money;CRYPTO_OPERATION;-0.15;2026-06-24T17:32:00.000-03:00;0.00;2026-06-24T17:32:01.000-03:00;-0.15;0.00;2026-06-24T17:32:01.000-03:00;;
165647221892;available_money;CASHBACK;0.15;2026-06-24T17:29:40.000-03:00;0.00;2026-06-24T17:29:40.000-03:00;0.15;0.00;2026-06-24T17:29:40.000-03:00;;
165639529262;bank_transfer;SETTLEMENT;39.90;2026-06-24T16:36:52.000-03:00;0.00;2026-06-24T16:36:53.000-03:00;39.90;0.00;2026-06-24T16:36:53.000-03:00;;
164813187521;;PAYOUTS;-90.00;2026-06-24T16:35:46.000-03:00;0.00;2026-06-24T16:35:46.000-03:00;-90.00;0.00;;;
164743925791;available_money;CRYPTO_OPERATION;-0.08;2026-06-24T07:29:57.000-03:00;0.00;2026-06-24T07:29:57.000-03:00;-0.08;0.00;2026-06-24T07:29:57.000-03:00;;
165568256852;available_money;CASHBACK;0.08;2026-06-24T07:29:50.000-03:00;0.00;2026-06-24T07:29:50.000-03:00;0.08;0.00;2026-06-24T07:29:50.000-03:00;;
1745725917757;;SETTLEMENT;0.11;2026-06-24T02:29:11.000-03:00;0.00;2026-06-24T02:29:11.000-03:00;0.11;0.00;;;
1745725917757;;SETTLEMENT;0.04;2026-06-24T02:29:11.000-03:00;0.00;2026-06-24T02:29:11.000-03:00;0.04;0.00;;;
1745725917757;;SETTLEMENT;-0.04;2026-06-24T02:29:11.000-03:00;0.00;2026-06-24T02:29:11.000-03:00;-0.04;0.00;;;
164687951331;available_money;CRYPTO_OPERATION;-0.37;2026-06-23T18:46:42.000-03:00;0.00;2026-06-23T18:46:43.000-03:00;-0.37;0.00;2026-06-23T18:46:43.000-03:00;;
165511424310;available_money;CASHBACK;0.37;2026-06-23T18:46:35.000-03:00;0.00;2026-06-23T18:46:36.000-03:00;0.37;0.00;2026-06-23T18:46:36.000-03:00;;
164685889431;available_money;CRYPTO_OPERATION;-0.08;2026-06-23T18:35:13.000-03:00;0.00;2026-06-23T18:35:14.000-03:00;-0.08;0.00;2026-06-23T18:35:13.000-03:00;;
165509518398;available_money;CASHBACK;0.08;2026-06-23T18:35:04.000-03:00;0.00;2026-06-23T18:35:04.000-03:00;0.08;0.00;2026-06-23T18:35:04.000-03:00;;
165466245184;available_money;CRYPTO_OPERATION;-0.88;2026-06-23T13:37:34.000-03:00;0.00;2026-06-23T13:37:35.000-03:00;-0.88;0.00;2026-06-23T13:37:35.000-03:00;;
165466211302;available_money;CASHBACK;0.88;2026-06-23T13:37:25.000-03:00;0.00;2026-06-23T13:37:26.000-03:00;0.88;0.00;2026-06-23T13:37:26.000-03:00;;
165417846776;available_money;CRYPTO_OPERATION;-0.04;2026-06-23T07:40:07.000-03:00;0.00;2026-06-23T07:40:08.000-03:00;-0.04;0.00;2026-06-23T07:40:08.000-03:00;;
165417902318;available_money;CASHBACK;0.04;2026-06-23T07:39:59.000-03:00;0.00;2026-06-23T07:39:59.000-03:00;0.04;0.00;2026-06-23T07:39:59.000-03:00;;
164594754251;available_money;CRYPTO_OPERATION;-0.08;2026-06-23T07:29:03.000-03:00;0.00;2026-06-23T07:29:04.000-03:00;-0.08;0.00;2026-06-23T07:29:04.000-03:00;;
164594694495;available_money;CASHBACK;0.08;2026-06-23T07:28:57.000-03:00;0.00;2026-06-23T07:28:58.000-03:00;0.08;0.00;2026-06-23T07:28:57.000-03:00;;
1745658095489;;SETTLEMENT;0.03;2026-06-23T02:54:30.000-03:00;0.00;2026-06-23T02:54:30.000-03:00;0.03;0.00;;;
1745658095489;;SETTLEMENT;-0.03;2026-06-23T02:54:30.000-03:00;0.00;2026-06-23T02:54:30.000-03:00;-0.03;0.00;;;
1745658095489;;SETTLEMENT;0.13;2026-06-23T02:54:30.000-03:00;0.00;2026-06-23T02:54:30.000-03:00;0.13;0.00;;;
164529656289;available_money;CRYPTO_OPERATION;-0.05;2026-06-22T17:56:17.000-03:00;0.00;2026-06-22T17:56:18.000-03:00;-0.05;0.00;2026-06-22T17:56:18.000-03:00;;
164529441351;available_money;CASHBACK;0.05;2026-06-22T17:56:11.000-03:00;0.00;2026-06-22T17:56:12.000-03:00;0.05;0.00;2026-06-22T17:56:11.000-03:00;;
164526247045;available_money;CRYPTO_OPERATION;-0.21;2026-06-22T17:35:39.000-03:00;0.00;2026-06-22T17:35:40.000-03:00;-0.21;0.00;2026-06-22T17:35:40.000-03:00;;
164526028005;available_money;CASHBACK;0.21;2026-06-22T17:35:32.000-03:00;0.00;2026-06-22T17:35:32.000-03:00;0.21;0.00;2026-06-22T17:35:32.000-03:00;;
165298028552;available_money;CRYPTO_OPERATION;-0.05;2026-06-22T12:02:56.000-03:00;0.00;2026-06-22T12:02:57.000-03:00;-0.05;0.00;2026-06-22T12:02:56.000-03:00;;
165297960756;available_money;CASHBACK;0.05;2026-06-22T12:02:49.000-03:00;0.00;2026-06-22T12:02:50.000-03:00;0.05;0.00;2026-06-22T12:02:50.000-03:00;;
164443447603;available_money;CRYPTO_OPERATION;-0.07;2026-06-22T07:40:06.000-03:00;0.00;2026-06-22T07:40:07.000-03:00;-0.07;0.00;2026-06-22T07:40:07.000-03:00;;
164443648193;available_money;CASHBACK;0.07;2026-06-22T07:39:59.000-03:00;0.00;2026-06-22T07:39:59.000-03:00;0.07;0.00;2026-06-22T07:39:59.000-03:00;;
1745574809981;;SETTLEMENT;-0.05;2026-06-22T02:22:44.000-03:00;0.00;2026-06-22T02:22:44.000-03:00;-0.05;0.00;;;
1745574809981;;SETTLEMENT;0.17;2026-06-22T02:22:44.000-03:00;0.00;2026-06-22T02:22:44.000-03:00;0.17;0.00;;;
1745574809981;;SETTLEMENT;0.05;2026-06-22T02:22:44.000-03:00;0.00;2026-06-22T02:22:44.000-03:00;0.05;0.00;;;
165206589520;available_money;CRYPTO_OPERATION;-0.27;2026-06-21T17:47:14.000-03:00;0.00;2026-06-21T17:47:14.000-03:00;-0.27;0.00;2026-06-21T17:47:14.000-03:00;;
165206710578;available_money;CASHBACK;0.27;2026-06-21T17:47:02.000-03:00;0.00;2026-06-21T17:47:02.000-03:00;0.27;0.00;2026-06-21T17:47:02.000-03:00;;
165186889394;available_money;CRYPTO_OPERATION;-0.04;2026-06-21T14:35:45.000-03:00;0.00;2026-06-21T14:35:46.000-03:00;-0.04;0.00;2026-06-21T14:35:46.000-03:00;;
165186777934;available_money;CASHBACK;0.04;2026-06-21T14:35:37.000-03:00;0.00;2026-06-21T14:35:38.000-03:00;0.04;0.00;2026-06-21T14:35:38.000-03:00;;
165062756576;available_money;CRYPTO_OPERATION;-0.06;2026-06-20T16:30:22.000-03:00;0.00;2026-06-20T16:30:23.000-03:00;-0.06;0.00;2026-06-20T16:30:23.000-03:00;;
165062734614;available_money;CASHBACK;0.06;2026-06-20T16:30:15.000-03:00;0.00;2026-06-20T16:30:16.000-03:00;0.06;0.00;2026-06-20T16:30:16.000-03:00;;
164236544009;;PAYOUTS;-60.00;2026-06-20T16:02:45.000-03:00;0.00;2026-06-20T16:02:45.000-03:00;-60.00;0.00;;;
165057171108;;PAYOUTS;-60.00;2026-06-20T16:02:03.000-03:00;0.00;2026-06-20T16:02:03.000-03:00;-60.00;0.00;;;
165050620104;available_money;CRYPTO_OPERATION;-0.06;2026-06-20T15:06:18.000-03:00;0.00;2026-06-20T15:06:19.000-03:00;-0.06;0.00;2026-06-20T15:06:19.000-03:00;;
165050355600;available_money;CASHBACK;0.06;2026-06-20T15:06:12.000-03:00;0.00;2026-06-20T15:06:12.000-03:00;0.06;0.00;2026-06-20T15:06:12.000-03:00;;
164033835415;available_money;CRYPTO_OPERATION;-0.10;2026-06-19T11:51:04.000-03:00;0.00;2026-06-19T11:51:05.000-03:00;-0.10;0.00;2026-06-19T11:51:04.000-03:00;;
164033443879;available_money;CASHBACK;0.10;2026-06-19T11:49:21.000-03:00;0.00;2026-06-19T11:49:21.000-03:00;0.10;0.00;2026-06-19T11:49:21.000-03:00;;
164011922009;available_money;CRYPTO_OPERATION;-0.24;2026-06-19T09:30:37.000-03:00;0.00;2026-06-19T09:30:37.000-03:00;-0.24;0.00;2026-06-19T09:30:37.000-03:00;;
164829769060;available_money;CASHBACK;0.24;2026-06-19T09:30:31.000-03:00;0.00;2026-06-19T09:30:32.000-03:00;0.24;0.00;2026-06-19T09:30:32.000-03:00;;
164007885603;available_money;CRYPTO_OPERATION;-0.02;2026-06-19T08:56:34.000-03:00;0.00;2026-06-19T08:56:35.000-03:00;-0.02;0.00;2026-06-19T08:56:35.000-03:00;;
164008062351;available_money;CASHBACK;0.02;2026-06-19T08:56:26.000-03:00;0.00;2026-06-19T08:56:26.000-03:00;0.02;0.00;2026-06-19T08:56:26.000-03:00;;
164817863268;available_money;CRYPTO_OPERATION;-0.07;2026-06-19T07:34:13.000-03:00;0.00;2026-06-19T07:34:14.000-03:00;-0.07;0.00;2026-06-19T07:34:14.000-03:00;;
164817787644;available_money;CASHBACK;0.07;2026-06-19T07:34:07.000-03:00;0.00;2026-06-19T07:34:07.000-03:00;0.07;0.00;2026-06-19T07:34:07.000-03:00;;
1745503178549;;SETTLEMENT;0.13;2026-06-19T02:08:27.000-03:00;0.00;2026-06-19T02:08:27.000-03:00;0.13;0.00;;;
1745503178549;;SETTLEMENT;-0.04;2026-06-19T02:08:27.000-03:00;0.00;2026-06-19T02:08:27.000-03:00;-0.04;0.00;;;
1745503178549;;SETTLEMENT;0.04;2026-06-19T02:08:27.000-03:00;0.00;2026-06-19T02:08:27.000-03:00;0.04;0.00;;;
164767549576;bank_transfer;SETTLEMENT;100.00;2026-06-18T19:51:31.000-03:00;0.00;2026-06-18T19:51:31.000-03:00;100.00;0.00;2026-06-18T19:51:31.000-03:00;;
164754878180;available_money;CRYPTO_OPERATION;-0.08;2026-06-18T18:35:20.000-03:00;0.00;2026-06-18T18:35:21.000-03:00;-0.08;0.00;2026-06-18T18:35:21.000-03:00;;
163937543395;available_money;CASHBACK;0.08;2026-06-18T18:35:16.000-03:00;0.00;2026-06-18T18:35:16.000-03:00;0.08;0.00;2026-06-18T18:35:16.000-03:00;;
164714230870;available_money;CRYPTO_OPERATION;-0.13;2026-06-18T13:58:47.000-03:00;0.00;2026-06-18T13:58:47.000-03:00;-0.13;0.00;2026-06-18T13:58:47.000-03:00;;
163897119925;available_money;CASHBACK;0.13;2026-06-18T13:58:40.000-03:00;0.00;2026-06-18T13:58:41.000-03:00;0.13;0.00;2026-06-18T13:58:40.000-03:00;;
163843856503;available_money;CRYPTO_OPERATION;-0.06;2026-06-18T07:28:25.000-03:00;0.00;2026-06-18T07:28:25.000-03:00;-0.06;0.00;2026-06-18T07:28:25.000-03:00;;
163843721287;available_money;CASHBACK;0.06;2026-06-18T07:28:20.000-03:00;0.00;2026-06-18T07:28:20.000-03:00;0.06;0.00;2026-06-18T07:28:20.000-03:00;;
1745437902620;;SETTLEMENT;0.13;2026-06-18T02:32:09.000-03:00;0.00;2026-06-18T02:32:09.000-03:00;0.13;0.00;;;
1745437902620;;SETTLEMENT;-0.04;2026-06-18T02:32:09.000-03:00;0.00;2026-06-18T02:32:09.000-03:00;-0.04;0.00;;;
1745437902620;;SETTLEMENT;0.04;2026-06-18T02:32:09.000-03:00;0.00;2026-06-18T02:32:09.000-03:00;0.04;0.00;;;
164625659354;available_money;CRYPTO_OPERATION;-0.05;2026-06-17T21:28:46.000-03:00;0.00;2026-06-17T21:28:47.000-03:00;-0.05;0.00;2026-06-17T21:28:47.000-03:00;;
164625700950;available_money;CASHBACK;0.05;2026-06-17T21:28:41.000-03:00;0.00;2026-06-17T21:28:42.000-03:00;0.05;0.00;2026-06-17T21:28:42.000-03:00;;
164615124732;available_money;CRYPTO_OPERATION;-0.05;2026-06-17T20:12:44.000-03:00;0.00;2026-06-17T20:12:45.000-03:00;-0.05;0.00;2026-06-17T20:12:44.000-03:00;;
164614987716;available_money;CASHBACK;0.05;2026-06-17T20:12:37.000-03:00;0.00;2026-06-17T20:12:38.000-03:00;0.05;0.00;2026-06-17T20:12:37.000-03:00;;
163762693697;available_money;CRYPTO_OPERATION;-0.71;2026-06-17T16:34:07.000-03:00;0.00;2026-06-17T16:34:08.000-03:00;-0.71;0.00;2026-06-17T16:34:08.000-03:00;;
163762633911;available_money;CASHBACK;0.71;2026-06-17T16:34:00.000-03:00;0.00;2026-06-17T16:34:00.000-03:00;0.71;0.00;2026-06-17T16:34:00.000-03:00;;
163740031699;;PAYOUTS;-780.00;2026-06-17T14:00:01.000-03:00;0.00;2026-06-17T14:00:01.000-03:00;-780.00;0.00;;;
1745364420606;;SETTLEMENT;0.15;2026-06-17T01:56:04.000-03:00;0.00;2026-06-17T01:56:04.000-03:00;0.15;0.00;;;
1745364420606;;SETTLEMENT;0.52;2026-06-17T01:56:04.000-03:00;0.00;2026-06-17T01:56:04.000-03:00;0.52;0.00;;;
1745364420606;;SETTLEMENT;-0.15;2026-06-17T01:56:04.000-03:00;0.00;2026-06-17T01:56:04.000-03:00;-0.15;0.00;;;
163579166793;;PAYOUTS;-14.00;2026-06-16T14:00:33.000-03:00;0.00;2026-06-16T14:00:33.000-03:00;-14.00;0.00;;;
1745292278839;;SETTLEMENT;0.44;2026-06-16T02:34:16.000-03:00;0.00;2026-06-16T02:34:16.000-03:00;0.44;0.00;;;
1745292278839;;SETTLEMENT;-0.13;2026-06-16T02:34:16.000-03:00;0.00;2026-06-16T02:34:16.000-03:00;-0.13;0.00;;;
1745292278839;;SETTLEMENT;0.13;2026-06-16T02:34:16.000-03:00;0.00;2026-06-16T02:34:16.000-03:00;0.13;0.00;;;
163485765115;bank_transfer;SETTLEMENT;150.00;2026-06-15T20:59:47.000-03:00;0.00;2026-06-15T20:59:47.000-03:00;150.00;0.00;2026-06-15T20:59:47.000-03:00;;
164256963082;;PAYOUTS;-50.00;2026-06-15T16:30:33.000-03:00;0.00;2026-06-15T16:30:33.000-03:00;-50.00;0.00;;;
163441889755;;PAYOUTS;-30.00;2026-06-15T16:21:31.000-03:00;0.00;2026-06-15T16:21:31.000-03:00;-30.00;0.00;;;
164254833406;;PAYOUTS;-150.00;2026-06-15T16:16:39.000-03:00;0.00;2026-06-15T16:16:39.000-03:00;-150.00;0.00;;;
164188564414;available_money;SETTLEMENT;-1059.58;2026-06-15T07:47:26.000-03:00;0.00;2026-06-15T07:47:29.000-03:00;-1059.58;0.00;2026-06-15T07:47:29.000-03:00;Mercado Pago;Wallet
1745243911793;;SETTLEMENT;1.12;2026-06-15T03:12:03.000-03:00;0.00;2026-06-15T03:12:03.000-03:00;1.12;0.00;;;
1745243911793;;SETTLEMENT;0.32;2026-06-15T03:12:03.000-03:00;0.00;2026-06-15T03:12:03.000-03:00;0.32;0.00;;;
1745243911793;;SETTLEMENT;-0.32;2026-06-15T03:12:03.000-03:00;0.00;2026-06-15T03:12:03.000-03:00;-0.32;0.00;;;
163167408639;;PAYOUTS;-75.00;2026-06-13T15:25:06.000-03:00;0.00;2026-06-13T15:25:06.000-03:00;-75.00;0.00;;;
163739877054;;PAYOUTS;-350.65;2026-06-12T06:17:11.000-03:00;0.00;2026-06-12T06:17:11.000-03:00;-350.65;0.00;;;
162931701439;available_money;SETTLEMENT;-167.52;2026-06-12T06:14:29.000-03:00;0.00;2026-06-12T06:14:31.000-03:00;-167.52;0.00;2026-06-12T06:14:30.000-03:00;Mercado Pago;Wallet
1745182507649;;SETTLEMENT;0.40;2026-06-12T02:55:24.000-03:00;0.00;2026-06-12T02:55:24.000-03:00;0.40;0.00;;;
1745182507649;;SETTLEMENT;1.37;2026-06-12T02:55:24.000-03:00;0.00;2026-06-12T02:55:24.000-03:00;1.37;0.00;;;
1745182507649;;SETTLEMENT;-0.40;2026-06-12T02:55:24.000-03:00;0.00;2026-06-12T02:55:24.000-03:00;-0.40;0.00;;;
163675325620;;PAYOUTS;-10.00;2026-06-11T18:29:25.000-03:00;0.00;2026-06-11T18:29:25.000-03:00;-10.00;0.00;;;
1745107903278;;SETTLEMENT;1.37;2026-06-11T02:38:25.000-03:00;0.00;2026-06-11T02:38:25.000-03:00;1.37;0.00;;;
1745107903278;;SETTLEMENT;0.40;2026-06-11T02:38:25.000-03:00;0.00;2026-06-11T02:38:25.000-03:00;0.40;0.00;;;
1745107903278;;SETTLEMENT;-0.40;2026-06-11T02:38:25.000-03:00;0.00;2026-06-11T02:38:25.000-03:00;-0.40;0.00;;;
163478764846;;PAYOUTS;-1527.20;2026-06-10T15:06:14.000-03:00;0.00;2026-06-10T15:06:14.000-03:00;-1527.20;0.00;;;
163436748790;bank_transfer;SETTLEMENT;3500.00;2026-06-10T10:52:30.000-03:00;0.00;2026-06-10T10:52:31.000-03:00;3500.00;0.00;2026-06-10T10:52:30.000-03:00;;
1745035437900;;SETTLEMENT;0.14;2026-06-10T02:21:21.000-03:00;0.00;2026-06-10T02:21:21.000-03:00;0.14;0.00;;;
1745035437900;;SETTLEMENT;0.12;2026-06-10T02:21:21.000-03:00;0.00;2026-06-10T02:21:21.000-03:00;0.12;0.00;;;
1745035437900;;SETTLEMENT;0.26;2026-06-10T02:21:21.000-03:00;0.00;2026-06-10T02:21:21.000-03:00;0.26;0.00;;;
1745035437900;;SETTLEMENT;-0.12;2026-06-10T02:21:21.000-03:00;0.00;2026-06-10T02:21:21.000-03:00;-0.12;0.00;;;
162507077047;;PAYOUTS;-3.50;2026-06-09T14:58:37.000-03:00;0.00;2026-06-09T14:58:37.000-03:00;-3.50;0.00;;;
163310438798;;PAYOUTS;-7.20;2026-06-09T14:57:12.000-03:00;0.00;2026-06-09T14:57:12.000-03:00;-7.20;0.00;;;
162506267575;available_money;CRYPTO_OPERATION;-0.06;2026-06-09T14:47:12.000-03:00;0.00;2026-06-09T14:47:13.000-03:00;-0.06;0.00;2026-06-09T14:47:13.000-03:00;;
163309556052;available_money;CASHBACK;0.06;2026-06-09T14:47:04.000-03:00;0.00;2026-06-09T14:47:04.000-03:00;0.06;0.00;2026-06-09T14:47:04.000-03:00;;
163299395376;available_money;CRYPTO_OPERATION;-0.07;2026-06-09T13:34:25.000-03:00;0.00;2026-06-09T13:34:26.000-03:00;-0.07;0.00;2026-06-09T13:34:26.000-03:00;;
162495581887;available_money;CASHBACK;0.07;2026-06-09T13:34:18.000-03:00;0.00;2026-06-09T13:34:18.000-03:00;0.07;0.00;2026-06-09T13:34:18.000-03:00;;
162458127869;;PAYOUTS;-70.00;2026-06-09T10:00:17.000-03:00;0.00;2026-06-09T10:00:17.000-03:00;-70.00;0.00;;;
163251669408;;PAYOUTS;-480.13;2026-06-09T08:37:24.000-03:00;0.00;2026-06-09T08:37:24.000-03:00;-480.13;0.00;;;
163251365742;;PAYOUTS;-150.00;2026-06-09T08:36:49.000-03:00;0.00;2026-06-09T08:36:49.000-03:00;-150.00;0.00;;;
163251823038;;PAYOUTS;-550.00;2026-06-09T08:35:34.000-03:00;0.00;2026-06-09T08:35:34.000-03:00;-550.00;0.00;;;
162448956329;bank_transfer;SETTLEMENT;1800.00;2026-06-09T08:31:18.000-03:00;0.00;2026-06-09T08:31:18.000-03:00;1800.00;0.00;2026-06-09T08:31:18.000-03:00;;
163248777570;;PAYOUTS;-600.00;2026-06-09T08:08:02.000-03:00;0.00;2026-06-09T08:08:02.000-03:00;-600.00;0.00;;;
162446037945;bank_transfer;SETTLEMENT;600.00;2026-06-09T08:05:52.000-03:00;0.00;2026-06-09T08:05:52.000-03:00;600.00;0.00;2026-06-09T08:05:52.000-03:00;;
163248830110;;PAYOUTS;-300.00;2026-06-09T07:53:18.000-03:00;0.00;2026-06-09T07:53:18.000-03:00;-300.00;0.00;;;
162444986349;bank_transfer;SETTLEMENT;300.00;2026-06-09T07:47:31.000-03:00;0.00;2026-06-09T07:47:31.000-03:00;300.00;0.00;2026-06-09T07:47:31.000-03:00;;
162443555815;available_money;CRYPTO_OPERATION;-0.03;2026-06-09T07:33:21.000-03:00;0.00;2026-06-09T07:33:21.000-03:00;-0.03;0.00;2026-06-09T07:33:21.000-03:00;;
162443728719;available_money;CASHBACK;0.03;2026-06-09T07:33:14.000-03:00;0.00;2026-06-09T07:33:14.000-03:00;0.03;0.00;2026-06-09T07:33:14.000-03:00;;
1744967970116;;SETTLEMENT;0.14;2026-06-09T03:22:09.000-03:00;0.00;2026-06-09T03:22:09.000-03:00;0.14;0.00;;;
1744967970116;;SETTLEMENT;-0.04;2026-06-09T03:22:09.000-03:00;0.00;2026-06-09T03:22:09.000-03:00;-0.04;0.00;;;
1744967970116;;SETTLEMENT;0.04;2026-06-09T03:22:09.000-03:00;0.00;2026-06-09T03:22:09.000-03:00;0.04;0.00;;;
163078780610;available_money;CRYPTO_OPERATION;-0.03;2026-06-08T07:34:55.000-03:00;0.00;2026-06-08T07:34:56.000-03:00;-0.03;0.00;2026-06-08T07:34:56.000-03:00;;
162277734549;available_money;CASHBACK;0.03;2026-06-08T07:34:47.000-03:00;0.00;2026-06-08T07:34:48.000-03:00;0.03;0.00;2026-06-08T07:34:47.000-03:00;;
162274047283;available_money;CRYPTO_OPERATION;23.39;2026-06-08T06:44:49.000-03:00;0.00;2026-06-08T06:44:50.000-03:00;23.39;0.00;2026-06-08T06:44:50.000-03:00;;
162274118381;;PAYOUTS;-2177.34;2026-06-08T06:42:48.000-03:00;0.00;2026-06-08T06:42:48.000-03:00;-2177.34;0.00;;;
162273998531;bank_transfer;SETTLEMENT;300.00;2026-06-08T06:41:44.000-03:00;0.00;2026-06-08T06:41:44.000-03:00;300.00;0.00;2026-06-08T06:41:44.000-03:00;;
162273442013;bank_transfer;SETTLEMENT;1284.37;2026-06-08T06:37:01.000-03:00;0.00;2026-06-08T06:37:01.000-03:00;1284.37;0.00;2026-06-08T06:37:01.000-03:00;;
162273375893;available_money;CRYPTO_OPERATION;-6.23;2026-06-08T06:35:15.000-03:00;0.00;2026-06-08T06:35:15.000-03:00;-6.23;0.00;2026-06-08T06:35:15.000-03:00;;
162273698457;available_money;CASHBACK;6.23;2026-06-08T06:35:06.000-03:00;0.00;2026-06-08T06:35:06.000-03:00;6.23;0.00;2026-06-08T06:35:06.000-03:00;;
163074511168;available_money;SETTLEMENT;-1245.00;2026-06-08T06:33:53.000-03:00;0.00;2026-06-08T06:33:54.000-03:00;-1245.00;0.00;2026-06-08T06:33:54.000-03:00;;
163074247870;available_money;CRYPTO_OPERATION;-5.90;2026-06-08T06:32:34.000-03:00;0.00;2026-06-08T06:32:35.000-03:00;-5.90;0.00;2026-06-08T06:32:35.000-03:00;;
163074570238;available_money;CASHBACK;5.90;2026-06-08T06:32:28.000-03:00;0.00;2026-06-08T06:32:28.000-03:00;5.90;0.00;2026-06-08T06:32:28.000-03:00;;
163074458140;available_money;SETTLEMENT;-1180.00;2026-06-08T06:29:55.000-03:00;0.00;2026-06-08T06:29:56.000-03:00;-1180.00;0.00;2026-06-08T06:29:55.000-03:00;;
1744887673976;;SETTLEMENT;-0.65;2026-06-08T03:01:54.000-03:00;0.00;2026-06-08T03:01:54.000-03:00;-0.65;0.00;;;
1744887673976;;SETTLEMENT;2.23;2026-06-08T03:01:54.000-03:00;0.00;2026-06-08T03:01:54.000-03:00;2.23;0.00;;;
1744887673976;;SETTLEMENT;0.65;2026-06-08T03:01:54.000-03:00;0.00;2026-06-08T03:01:54.000-03:00;0.65;0.00;;;
163014570498;available_money;CRYPTO_OPERATION;-0.20;2026-06-07T17:23:35.000-03:00;0.00;2026-06-07T17:23:36.000-03:00;-0.20;0.00;2026-06-07T17:23:36.000-03:00;;
163014518658;available_money;CASHBACK;0.20;2026-06-07T17:23:28.000-03:00;0.00;2026-06-07T17:23:29.000-03:00;0.20;0.00;2026-06-07T17:23:29.000-03:00;;
162213007225;available_money;CRYPTO_OPERATION;-0.30;2026-06-07T17:18:27.000-03:00;0.00;2026-06-07T17:18:28.000-03:00;-0.30;0.00;2026-06-07T17:18:28.000-03:00;;
162212931751;available_money;CASHBACK;0.30;2026-06-07T17:18:20.000-03:00;0.00;2026-06-07T17:18:20.000-03:00;0.30;0.00;2026-06-07T17:18:20.000-03:00;;
162977715326;;PAYOUTS;-30.00;2026-06-07T12:29:23.000-03:00;0.00;2026-06-07T12:29:23.000-03:00;-30.00;0.00;;;
162913381054;available_money;CRYPTO_OPERATION;-0.10;2026-06-06T20:51:46.000-03:00;0.00;2026-06-06T20:51:47.000-03:00;-0.10;0.00;2026-06-06T20:51:46.000-03:00;;
162113111403;available_money;CASHBACK;0.10;2026-06-06T20:51:38.000-03:00;0.00;2026-06-06T20:51:38.000-03:00;0.10;0.00;2026-06-06T20:51:38.000-03:00;;
162908765432;available_money;CRYPTO_OPERATION;-0.03;2026-06-06T20:24:10.000-03:00;0.00;2026-06-06T20:24:11.000-03:00;-0.03;0.00;2026-06-06T20:24:11.000-03:00;;
162908693854;available_money;CASHBACK;0.03;2026-06-06T20:24:04.000-03:00;0.00;2026-06-06T20:24:04.000-03:00;0.03;0.00;2026-06-06T20:24:04.000-03:00;;
162068728759;available_money;CRYPTO_OPERATION;-0.03;2026-06-06T16:34:18.000-03:00;0.00;2026-06-06T16:34:19.000-03:00;-0.03;0.00;2026-06-06T16:34:18.000-03:00;;
162868786956;available_money;CASHBACK;0.03;2026-06-06T16:34:11.000-03:00;0.00;2026-06-06T16:34:12.000-03:00;0.03;0.00;2026-06-06T16:34:12.000-03:00;;
162019655927;;PAYOUTS;-500.00;2026-06-06T11:58:47.000-03:00;0.00;2026-06-06T11:58:47.000-03:00;-500.00;0.00;;;
162017474029;;PAYOUTS;-768.95;2026-06-06T11:47:53.000-03:00;0.00;2026-06-06T11:47:53.000-03:00;-768.95;0.00;;;
162018454011;available_money;CRYPTO_OPERATION;-0.10;2026-06-06T11:41:26.000-03:00;0.00;2026-06-06T11:41:27.000-03:00;-0.10;0.00;2026-06-06T11:41:27.000-03:00;;
162818704236;available_money;CASHBACK;0.10;2026-06-06T11:41:17.000-03:00;0.00;2026-06-06T11:41:17.000-03:00;0.10;0.00;2026-06-06T11:41:17.000-03:00;;
162006988469;available_money;CRYPTO_OPERATION;-0.06;2026-06-06T10:30:39.000-03:00;0.00;2026-06-06T10:30:40.000-03:00;-0.06;0.00;2026-06-06T10:30:40.000-03:00;;
162806826280;available_money;CASHBACK;0.06;2026-06-06T10:30:33.000-03:00;0.00;2026-06-06T10:30:33.000-03:00;0.06;0.00;2026-06-06T10:30:33.000-03:00;;
162771066402;available_money;CRYPTO_OPERATION;-0.07;2026-06-05T23:58:13.000-03:00;0.00;2026-06-05T23:58:14.000-03:00;-0.07;0.00;2026-06-05T23:58:14.000-03:00;;
161971536535;available_money;CASHBACK;0.07;2026-06-05T23:58:07.000-03:00;0.00;2026-06-05T23:58:08.000-03:00;0.07;0.00;2026-06-05T23:58:08.000-03:00;;
161927911673;available_money;CRYPTO_OPERATION;-0.06;2026-06-05T19:19:18.000-03:00;0.00;2026-06-05T19:19:19.000-03:00;-0.06;0.00;2026-06-05T19:19:19.000-03:00;;
161927767001;available_money;CASHBACK;0.06;2026-06-05T19:18:08.000-03:00;0.00;2026-06-05T19:18:08.000-03:00;0.06;0.00;2026-06-05T19:18:08.000-03:00;;
161920349603;bank_transfer;SETTLEMENT;15.00;2026-06-05T18:44:06.000-03:00;0.00;2026-06-05T18:44:06.000-03:00;15.00;0.00;2026-06-05T18:44:06.000-03:00;;
161897408983;available_money;CRYPTO_OPERATION;-0.07;2026-06-05T16:50:21.000-03:00;0.00;2026-06-05T16:50:22.000-03:00;-0.07;0.00;2026-06-05T16:50:22.000-03:00;;
162696379782;available_money;CASHBACK;0.07;2026-06-05T16:50:13.000-03:00;0.00;2026-06-05T16:50:14.000-03:00;0.07;0.00;2026-06-05T16:50:14.000-03:00;;
162695676424;available_money;CRYPTO_OPERATION;-0.56;2026-06-05T16:45:04.000-03:00;0.00;2026-06-05T16:45:05.000-03:00;-0.56;0.00;2026-06-05T16:45:04.000-03:00;;
162695682244;available_money;CASHBACK;0.56;2026-06-05T16:44:57.000-03:00;0.00;2026-06-05T16:44:57.000-03:00;0.56;0.00;2026-06-05T16:44:57.000-03:00;;
161892529577;available_money;CRYPTO_OPERATION;-0.50;2026-06-05T16:22:53.000-03:00;0.00;2026-06-05T16:22:53.000-03:00;-0.50;0.00;2026-06-05T16:22:53.000-03:00;;
161892582999;available_money;CASHBACK;0.50;2026-06-05T16:22:44.000-03:00;0.00;2026-06-05T16:22:44.000-03:00;0.50;0.00;2026-06-05T16:22:44.000-03:00;;
162690451418;available_money;CRYPTO_OPERATION;-0.94;2026-06-05T16:15:44.000-03:00;0.00;2026-06-05T16:15:45.000-03:00;-0.94;0.00;2026-06-05T16:15:45.000-03:00;;
161891426309;available_money;CASHBACK;0.94;2026-06-05T16:15:39.000-03:00;0.00;2026-06-05T16:15:40.000-03:00;0.94;0.00;2026-06-05T16:15:40.000-03:00;;
161874971049;available_money;CRYPTO_OPERATION;-0.05;2026-06-05T14:36:19.000-03:00;0.00;2026-06-05T14:36:19.000-03:00;-0.05;0.00;2026-06-05T14:36:19.000-03:00;;
162674189500;available_money;CASHBACK;0.05;2026-06-05T14:36:09.000-03:00;0.00;2026-06-05T14:36:10.000-03:00;0.05;0.00;2026-06-05T14:36:10.000-03:00;;
162634918662;available_money;CRYPTO_OPERATION;-0.33;2026-06-05T11:08:57.000-03:00;0.00;2026-06-05T11:08:59.000-03:00;-0.33;0.00;2026-06-05T11:08:58.000-03:00;;
161835709483;available_money;CASHBACK;0.33;2026-06-05T11:08:52.000-03:00;0.00;2026-06-05T11:08:52.000-03:00;0.33;0.00;2026-06-05T11:08:52.000-03:00;;
162633231666;available_money;CRYPTO_OPERATION;-3.95;2026-06-05T11:00:53.000-03:00;0.00;2026-06-05T11:00:54.000-03:00;-3.95;0.00;2026-06-05T11:00:54.000-03:00;;
161834584361;available_money;CASHBACK;3.95;2026-06-05T11:00:46.000-03:00;0.00;2026-06-05T11:00:46.000-03:00;3.95;0.00;2026-06-05T11:00:46.000-03:00;;
162616973872;available_money;SETTLEMENT;-651.29;2026-06-05T09:13:16.000-03:00;0.00;2026-06-05T09:13:16.000-03:00;-651.29;0.00;2026-06-05T09:13:16.000-03:00;;
161811354335;available_money;CRYPTO_OPERATION;-0.04;2026-06-05T08:11:21.000-03:00;0.00;2026-06-05T08:11:22.000-03:00;-0.04;0.00;2026-06-05T08:11:22.000-03:00;;
162610312408;available_money;CASHBACK;0.04;2026-06-05T08:11:13.000-03:00;0.00;2026-06-05T08:11:14.000-03:00;0.04;0.00;2026-06-05T08:11:14.000-03:00;;
1744807086345;;SETTLEMENT;2.19;2026-06-05T02:21:59.000-03:00;0.00;2026-06-05T02:21:59.000-03:00;2.19;0.00;;;
1744807086345;;SETTLEMENT;0.67;2026-06-05T02:21:59.000-03:00;0.00;2026-06-05T02:21:59.000-03:00;0.67;0.00;;;
1744807086345;;SETTLEMENT;-0.64;2026-06-05T02:21:59.000-03:00;0.00;2026-06-05T02:21:59.000-03:00;-0.64;0.00;;;
162572601174;bank_transfer;SETTLEMENT;15.00;2026-06-04T21:55:29.000-03:00;0.00;2026-06-04T21:55:30.000-03:00;15.00;0.00;2026-06-04T21:55:29.000-03:00;;
162572369932;bank_transfer;SETTLEMENT;15.00;2026-06-04T21:53:49.000-03:00;0.00;2026-06-04T21:53:49.000-03:00;15.00;0.00;2026-06-04T21:53:49.000-03:00;;
162571052236;bank_transfer;SETTLEMENT;15.00;2026-06-04T21:42:57.000-03:00;0.00;2026-06-04T21:42:57.000-03:00;15.00;0.00;2026-06-04T21:42:57.000-03:00;;
161771552057;bank_transfer;SETTLEMENT;15.00;2026-06-04T21:32:35.000-03:00;0.00;2026-06-04T21:32:35.000-03:00;15.00;0.00;2026-06-04T21:32:35.000-03:00;;
161771103587;bank_transfer;SETTLEMENT;15.00;2026-06-04T21:29:28.000-03:00;0.00;2026-06-04T21:29:28.000-03:00;15.00;0.00;2026-06-04T21:29:28.000-03:00;;
161771035939;bank_transfer;SETTLEMENT;15.00;2026-06-04T21:29:16.000-03:00;0.00;2026-06-04T21:29:16.000-03:00;15.00;0.00;2026-06-04T21:29:16.000-03:00;;
161768225557;available_money;CRYPTO_OPERATION;-0.60;2026-06-04T21:08:13.000-03:00;0.00;2026-06-04T21:08:14.000-03:00;-0.60;0.00;2026-06-04T21:08:14.000-03:00;;
161768294731;available_money;CASHBACK;0.60;2026-06-04T21:08:04.000-03:00;0.00;2026-06-04T21:08:04.000-03:00;0.60;0.00;2026-06-04T21:08:04.000-03:00;;
161724634797;available_money;CRYPTO_OPERATION;-0.10;2026-06-04T16:39:23.000-03:00;0.00;2026-06-04T16:39:24.000-03:00;-0.10;0.00;2026-06-04T16:39:24.000-03:00;;
162522533678;available_money;CASHBACK;0.10;2026-06-04T16:39:13.000-03:00;0.00;2026-06-04T16:39:13.000-03:00;0.10;0.00;2026-06-04T16:39:13.000-03:00;;
161662904033;available_money;CRYPTO_OPERATION;-0.47;2026-06-04T09:52:08.000-03:00;0.00;2026-06-04T09:52:09.000-03:00;-0.47;0.00;2026-06-04T09:52:09.000-03:00;;
161662933361;available_money;CASHBACK;0.47;2026-06-04T09:52:01.000-03:00;0.00;2026-06-04T09:52:01.000-03:00;0.47;0.00;2026-06-04T09:52:01.000-03:00;;
162451597936;available_money;CRYPTO_OPERATION;-0.03;2026-06-04T08:32:49.000-03:00;0.00;2026-06-04T08:32:50.000-03:00;-0.03;0.00;2026-06-04T08:32:49.000-03:00;;
162451700352;available_money;CASHBACK;0.03;2026-06-04T08:32:42.000-03:00;0.00;2026-06-04T08:32:42.000-03:00;0.03;0.00;2026-06-04T08:32:42.000-03:00;;
161612507381;available_money;CRYPTO_OPERATION;-0.07;2026-06-03T21:25:09.000-03:00;0.00;2026-06-03T21:25:10.000-03:00;-0.07;0.00;2026-06-03T21:25:09.000-03:00;;
161612507243;available_money;CASHBACK;0.07;2026-06-03T21:25:04.000-03:00;0.00;2026-06-03T21:25:04.000-03:00;0.07;0.00;2026-06-03T21:25:04.000-03:00;;
161611023461;available_money;CRYPTO_OPERATION;-0.80;2026-06-03T21:14:15.000-03:00;0.00;2026-06-03T21:14:16.000-03:00;-0.80;0.00;2026-06-03T21:14:16.000-03:00;;
162408132564;available_money;CASHBACK;0.80;2026-06-03T21:14:07.000-03:00;0.00;2026-06-03T21:14:07.000-03:00;0.80;0.00;2026-06-03T21:14:07.000-03:00;;
162397101654;available_money;CRYPTO_OPERATION;-0.06;2026-06-03T20:03:57.000-03:00;0.00;2026-06-03T20:03:58.000-03:00;-0.06;0.00;2026-06-03T20:03:58.000-03:00;;
162396946142;available_money;CASHBACK;0.06;2026-06-03T20:02:05.000-03:00;0.00;2026-06-03T20:02:06.000-03:00;0.06;0.00;2026-06-03T20:02:06.000-03:00;;
161590881027;bank_transfer;SETTLEMENT;596.00;2026-06-03T19:11:38.000-03:00;0.00;2026-06-03T19:11:38.000-03:00;596.00;0.00;2026-06-03T19:11:38.000-03:00;;
162378351484;available_money;CRYPTO_OPERATION;-0.18;2026-06-03T18:18:34.000-03:00;0.00;2026-06-03T18:18:35.000-03:00;-0.18;0.00;2026-06-03T18:18:34.000-03:00;;
162378337220;available_money;CASHBACK;0.18;2026-06-03T18:18:19.000-03:00;0.00;2026-06-03T18:18:19.000-03:00;0.18;0.00;2026-06-03T18:18:19.000-03:00;;
162374777240;available_money;CRYPTO_OPERATION;-0.18;2026-06-03T17:58:38.000-03:00;0.00;2026-06-03T17:58:39.000-03:00;-0.18;0.00;2026-06-03T17:58:39.000-03:00;;
162374731656;available_money;CASHBACK;0.18;2026-06-03T17:58:31.000-03:00;0.00;2026-06-03T17:58:31.000-03:00;0.18;0.00;2026-06-03T17:58:31.000-03:00;;
161565349559;;PAYOUTS;-468.00;2026-06-03T16:54:18.000-03:00;0.00;2026-06-03T16:54:18.000-03:00;-468.00;0.00;;;
161566771717;available_money;SETTLEMENT;-1000.00;2026-06-03T16:52:56.000-03:00;0.00;2026-06-03T16:52:56.000-03:00;-1000.00;0.00;2026-06-03T16:52:56.000-03:00;;
161566185171;bank_transfer;SETTLEMENT;4238.86;2026-06-03T16:48:52.000-03:00;0.00;2026-06-03T16:48:52.000-03:00;4238.86;0.00;2026-06-03T16:48:52.000-03:00;;
162341883460;available_money;CRYPTO_OPERATION;-0.55;2026-06-03T14:26:52.000-03:00;0.00;2026-06-03T14:26:53.000-03:00;-0.55;0.00;2026-06-03T14:26:53.000-03:00;;
161545015565;available_money;CASHBACK;0.55;2026-06-03T14:26:46.000-03:00;0.00;2026-06-03T14:26:47.000-03:00;0.55;0.00;2026-06-03T14:26:47.000-03:00;;
162311723738;available_money;CRYPTO_OPERATION;-0.02;2026-06-03T11:34:16.000-03:00;0.00;2026-06-03T11:34:17.000-03:00;-0.02;0.00;2026-06-03T11:34:16.000-03:00;;
161514982443;available_money;CASHBACK;0.02;2026-06-03T11:34:05.000-03:00;0.00;2026-06-03T11:34:05.000-03:00;0.02;0.00;2026-06-03T11:34:05.000-03:00;;
161509895557;available_money;CRYPTO_OPERATION;-0.33;2026-06-03T11:03:06.000-03:00;0.00;2026-06-03T11:03:07.000-03:00;-0.33;0.00;2026-06-03T11:03:07.000-03:00;;
161509855725;available_money;CASHBACK;0.33;2026-06-03T11:02:57.000-03:00;0.00;2026-06-03T11:02:57.000-03:00;0.33;0.00;2026-06-03T11:02:57.000-03:00;;
162291477582;available_money;CRYPTO_OPERATION;-0.89;2026-06-03T09:17:51.000-03:00;0.00;2026-06-03T09:17:52.000-03:00;-0.89;0.00;2026-06-03T09:17:51.000-03:00;;
162291493296;available_money;CASHBACK;0.89;2026-06-03T09:17:43.000-03:00;0.00;2026-06-03T09:17:44.000-03:00;0.89;0.00;2026-06-03T09:17:44.000-03:00;;
161485848477;;PAYOUTS;-200.00;2026-06-03T07:54:11.000-03:00;0.00;2026-06-03T07:54:11.000-03:00;-200.00;0.00;;;
162282064718;available_money;SETTLEMENT;-642.05;2026-06-03T07:51:58.000-03:00;0.00;2026-06-03T07:51:58.000-03:00;-642.05;0.00;2026-06-03T07:51:58.000-03:00;;
162281851486;available_money;CRYPTO_OPERATION;1.34;2026-06-03T07:50:10.000-03:00;0.00;2026-06-03T07:50:11.000-03:00;1.34;0.00;2026-06-03T07:50:11.000-03:00;;
161483566917;available_money;CRYPTO_OPERATION;-0.06;2026-06-03T07:27:18.000-03:00;0.00;2026-06-03T07:27:19.000-03:00;-0.06;0.00;2026-06-03T07:27:19.000-03:00;;
161483560835;available_money;CASHBACK;0.06;2026-06-03T07:27:07.000-03:00;0.00;2026-06-03T07:27:07.000-03:00;0.06;0.00;2026-06-03T07:27:07.000-03:00;;
1744692386439;;SETTLEMENT;-0.38;2026-06-03T02:43:23.000-03:00;0.00;2026-06-03T02:43:23.000-03:00;-0.38;0.00;;;
1744692386439;;SETTLEMENT;0.32;2026-06-03T02:43:23.000-03:00;0.00;2026-06-03T02:43:23.000-03:00;0.32;0.00;;;
1744692386439;;SETTLEMENT;0.38;2026-06-03T02:43:23.000-03:00;0.00;2026-06-03T02:43:23.000-03:00;0.38;0.00;;;
1744692386439;;SETTLEMENT;0.97;2026-06-03T02:43:23.000-03:00;0.00;2026-06-03T02:43:23.000-03:00;0.97;0.00;;;
162241863290;available_money;CRYPTO_OPERATION;-0.45;2026-06-02T20:56:03.000-03:00;0.00;2026-06-02T20:56:03.000-03:00;-0.45;0.00;2026-06-02T20:56:03.000-03:00;;
161445827827;available_money;CASHBACK;0.45;2026-06-02T20:55:57.000-03:00;0.00;2026-06-02T20:55:57.000-03:00;0.45;0.00;2026-06-02T20:55:57.000-03:00;;
162231956330;available_money;CRYPTO_OPERATION;-0.06;2026-06-02T19:50:57.000-03:00;0.00;2026-06-02T19:50:58.000-03:00;-0.06;0.00;2026-06-02T19:50:58.000-03:00;;
162231936434;available_money;CASHBACK;0.06;2026-06-02T19:50:52.000-03:00;0.00;2026-06-02T19:50:52.000-03:00;0.06;0.00;2026-06-02T19:50:52.000-03:00;;
161434208291;available_money;CRYPTO_OPERATION;-0.07;2026-06-02T19:41:02.000-03:00;0.00;2026-06-02T19:41:03.000-03:00;-0.07;0.00;2026-06-02T19:41:02.000-03:00;;
161434027597;available_money;CASHBACK;0.07;2026-06-02T19:40:55.000-03:00;0.00;2026-06-02T19:40:55.000-03:00;0.07;0.00;2026-06-02T19:40:55.000-03:00;;
162219610306;available_money;CRYPTO_OPERATION;-0.08;2026-06-02T18:40:24.000-03:00;0.00;2026-06-02T18:40:24.000-03:00;-0.08;0.00;2026-06-02T18:40:24.000-03:00;;
162219556512;available_money;CASHBACK;0.08;2026-06-02T18:40:15.000-03:00;0.00;2026-06-02T18:40:15.000-03:00;0.08;0.00;2026-06-02T18:40:15.000-03:00;;
162217936830;available_money;CRYPTO_OPERATION;-0.06;2026-06-02T18:31:10.000-03:00;0.00;2026-06-02T18:31:11.000-03:00;-0.06;0.00;2026-06-02T18:31:10.000-03:00;;
161421833079;available_money;CASHBACK;0.06;2026-06-02T18:30:56.000-03:00;0.00;2026-06-02T18:30:57.000-03:00;0.06;0.00;2026-06-02T18:30:57.000-03:00;;
162216276020;available_money;CRYPTO_OPERATION;-0.13;2026-06-02T18:23:22.000-03:00;0.00;2026-06-02T18:23:23.000-03:00;-0.13;0.00;2026-06-02T18:23:23.000-03:00;;
162216319540;available_money;CASHBACK;0.13;2026-06-02T18:23:13.000-03:00;0.00;2026-06-02T18:23:13.000-03:00;0.13;0.00;2026-06-02T18:23:13.000-03:00;;
161420253717;available_money;SETTLEMENT;-50.00;2026-06-02T18:22:25.000-03:00;0.00;2026-06-02T18:22:25.000-03:00;-50.00;0.00;2026-06-02T18:22:25.000-03:00;;
161418890157;;PAYOUTS;-5.60;2026-06-02T18:14:10.000-03:00;0.00;2026-06-02T18:14:10.000-03:00;-5.60;0.00;;;
162213996542;available_money;CRYPTO_OPERATION;-0.07;2026-06-02T18:09:19.000-03:00;0.00;2026-06-02T18:09:19.000-03:00;-0.07;0.00;2026-06-02T18:09:19.000-03:00;;
162213836050;available_money;CASHBACK;0.07;2026-06-02T18:09:10.000-03:00;0.00;2026-06-02T18:09:10.000-03:00;0.07;0.00;2026-06-02T18:09:10.000-03:00;;
162207463872;available_money;SETTLEMENT;-40.00;2026-06-02T17:32:03.000-03:00;0.00;2026-06-02T17:32:04.000-03:00;-40.00;0.00;2026-06-02T17:32:04.000-03:00;;
161411061765;bank_transfer;SETTLEMENT;2047.00;2026-06-02T17:29:44.000-03:00;0.00;2026-06-02T17:29:44.000-03:00;2047.00;0.00;2026-06-02T17:29:44.000-03:00;;
162162807234;;PAYOUTS;-110.00;2026-06-02T12:39:25.000-03:00;0.00;2026-06-02T12:39:25.000-03:00;-110.00;0.00;;;
162122182588;available_money;CRYPTO_OPERATION;-0.32;2026-06-02T07:39:33.000-03:00;0.00;2026-06-02T07:39:34.000-03:00;-0.32;0.00;2026-06-02T07:39:34.000-03:00;;
162122142684;available_money;CASHBACK;0.32;2026-06-02T07:39:23.000-03:00;0.00;2026-06-02T07:39:24.000-03:00;0.32;0.00;2026-06-02T07:39:23.000-03:00;;
161325908127;available_money;CRYPTO_OPERATION;-0.05;2026-06-02T07:24:38.000-03:00;0.00;2026-06-02T07:24:39.000-03:00;-0.05;0.00;2026-06-02T07:24:39.000-03:00;;
161325860403;available_money;CASHBACK;0.05;2026-06-02T07:24:27.000-03:00;0.00;2026-06-02T07:24:27.000-03:00;0.05;0.00;2026-06-02T07:24:27.000-03:00;;
161324748175;;PAYOUTS;-1.11;2026-06-02T07:09:16.000-03:00;0.00;2026-06-02T07:09:16.000-03:00;-1.11;0.00;;;
162119698670;available_money;CRYPTO_OPERATION;1.30;2026-06-02T07:08:10.000-03:00;0.00;2026-06-02T07:08:11.000-03:00;1.30;0.00;2026-06-02T07:08:11.000-03:00;;
161324462273;available_money;SETTLEMENT;-100.00;2026-06-02T07:06:14.000-03:00;0.00;2026-06-02T07:06:14.000-03:00;-100.00;0.00;2026-06-02T07:06:14.000-03:00;;
1744635218973;;SETTLEMENT;0.48;2026-06-02T04:29:50.000-03:00;0.00;2026-06-02T04:29:50.000-03:00;0.48;0.00;;;
1744635218973;;SETTLEMENT;-0.10;2026-06-02T04:29:50.000-03:00;0.00;2026-06-02T04:29:50.000-03:00;-0.10;0.00;;;
161312159035;available_money;CRYPTO_OPERATION;-0.05;2026-06-02T02:32:26.000-03:00;0.00;2026-06-02T02:32:27.000-03:00;-0.05;0.00;2026-06-02T02:32:27.000-03:00;;
162107293192;available_money;CASHBACK;0.05;2026-06-02T02:32:18.000-03:00;0.00;2026-06-02T02:32:18.000-03:00;0.05;0.00;2026-06-02T02:32:18.000-03:00;;
161252441455;available_money;CRYPTO_OPERATION;-0.03;2026-06-01T19:13:26.000-03:00;0.00;2026-06-01T19:13:27.000-03:00;-0.03;0.00;2026-06-01T19:13:26.000-03:00;;
162046301652;available_money;CASHBACK;0.03;2026-06-01T19:12:44.000-03:00;0.00;2026-06-01T19:12:45.000-03:00;0.03;0.00;2026-06-01T19:12:44.000-03:00;;
161236507425;available_money;CRYPTO_OPERATION;-0.04;2026-06-01T17:46:49.000-03:00;0.00;2026-06-01T17:46:50.000-03:00;-0.04;0.00;2026-06-01T17:46:50.000-03:00;;
161236511177;available_money;CASHBACK;0.04;2026-06-01T17:46:43.000-03:00;0.00;2026-06-01T17:46:43.000-03:00;0.04;0.00;2026-06-01T17:46:43.000-03:00;;
162016585814;;PAYOUTS;-1150.00;2026-06-01T16:34:06.000-03:00;0.00;2026-06-01T16:34:06.000-03:00;-1150.00;0.00;;;
162018295350;bank_transfer;SETTLEMENT;2000.01;2026-06-01T16:33:05.000-03:00;0.00;2026-06-01T16:33:05.000-03:00;2000.01;0.00;2026-06-01T16:33:05.000-03:00;;
161962787008;available_money;CRYPTO_OPERATION;-0.97;2026-06-01T11:01:50.000-03:00;0.00;2026-06-01T11:01:51.000-03:00;-0.97;0.00;2026-06-01T11:01:51.000-03:00;;
161962741580;available_money;CASHBACK;0.97;2026-06-01T11:01:45.000-03:00;0.00;2026-06-01T11:01:45.000-03:00;0.97;0.00;2026-06-01T11:01:45.000-03:00;;
161169536637;available_money;SETTLEMENT;-120.00;2026-06-01T11:01:08.000-03:00;0.00;2026-06-01T11:01:08.000-03:00;-120.00;0.00;2026-06-01T11:01:08.000-03:00;;
161962628240;bank_transfer;SETTLEMENT;120.00;2026-06-01T11:00:08.000-03:00;0.00;2026-06-01T11:00:08.000-03:00;120.00;0.00;2026-06-01T11:00:08.000-03:00;;
161939681838;available_money;SETTLEMENT;-100.00;2026-06-01T08:01:31.000-03:00;0.00;2026-06-01T08:01:31.000-03:00;-100.00;0.00;2026-06-01T08:01:31.000-03:00;;
161146534715;bank_transfer;SETTLEMENT;100.00;2026-06-01T08:00:56.000-03:00;0.00;2026-06-01T08:00:57.000-03:00;100.00;0.00;2026-06-01T08:00:57.000-03:00;;
